GCA,Alanine,NP
GCC,Alanine,NP
GCG,Alanine,NP
GCT,Alanine,NP
TGC,Cysteine,P
TGT,Cysteine,P
GAC,AsparticAcid,P
GAT,AsparticAcid,P
GAA,GlutamicAcid,P
GAG,GlutamicAcid,P
TTC,Phenylalanine,NP
TTT,Phenylalanine,NP
GGA,Glycine,NP
GGC,Glycine,NP
GGG,Glycine,NP
GGT,Glycine,NP
CAC,Histidine,P
CAT,Histidine,P
ATA,Iso-Leucine,NP
ATC,Iso-Leucine,NP
ATT,Iso-Leucine,NP
AAA,Lysine,P
AAG,Lysine,P
CTA,Leucine,P
CTC,Leucine,P
CTG,Leucine,P
CTT,Leucine,P
TTA,Leucine,P
TTG,Leucine,P
ATG,Methionine,NP
AAC,Asparagine,P
AAT,Asparagine,P
CCA,Proline,NP
CCC,Proline,NP
CCG,Proline,NP
CCT,Proline,NP
CAA,Glutamine,P
CAG,Glutamine,P
AGA,Arginine,P
AGG,Arginine,P
CGA,Arginine,P
CGC,Arginine,P
CGG,Arginine,P
CGT,Arginine,P
AGC,Serine,P
AGT,Serine,P
TCA,Serine,P
TCC,Serine,P
TCG,Serine,P
TCT,Serine,P
ACA,Threonine,P
ACC,Threonine,P
ACG,Threonine,P
ACT,Threonine,P
GTA,Valine,NP
GTC,Valine,NP
GTG,Valine,NP
GTT,Valine,NP
TGG,Tryptophan,NP
TAC,Tyrosine,P
TAT,Tyrosine,P
TAA,stop,N
TAG,stop,N
TGA,stop,N
